task,description
แนะนำกลยุทธ์การตลาด,การสร้างแบรนด์ร้านอาหารให้เป็นที่รู้จักต้องเริ่มจากการมีเอกลักษณ์ที่โดดเด่น การออกแบบโลโก้และบรรจุภัณฑ์ที่น่าสนใจ รวมถึงการใช้โซเชียลมีเดียในการโปรโมท
ช่วยสร้างแบรนด์ร้านอาหาร,กลยุทธ์การตลาดที่ดีสำหรับร้านอาหารคือการใช้โปรโมชั่นดึงดูดลูกค้าใหม่ๆ และรักษาลูกค้าเก่า เช่น การแจกคูปองส่วนลด การจัดกิจกรรมพิเศษ
แนะนำวิธีโปรโมทร้านอาหาร,การโปรโมทร้านอาหารผ่านสื่อออนไลน์สามารถเพิ่มยอดขายได้ การใช้ภาพถ่ายที่น่าสนใจและการเขียนคำบรรยายที่ดึงดูดความสนใจเป็นสิ่งสำคัญ
ขอคำแนะนำในการทำโฆษณา,การทำโฆษณาบนโซเชียลมีเดียเป็นวิธีที่มีประสิทธิภาพในการเข้าถึงกลุ่มเป้าหมาย การใช้วิดีโอสั้นๆ ที่แสดงให้เห็นถึงบรรยากาศและอาหารของร้านสามารถดึงดูดความสนใจได้
ช่วยวางแผนการตลาดให้หน่อย,การวางแผนการตลาดสำหรับร้านอาหารควรเริ่มจากการวิเคราะห์กลุ่มเป้าหมาย และการตั้งเป้าหมายที่ชัดเจน การใช้สื่อออนไลน์และการทำโปรโมชั่นเป็นสิ่งสำคัญ
แนะนำวิธีเพิ่มยอดขาย,การเพิ่มยอดขายให้ร้านอาหารสามารถทำได้โดยการใช้เทคนิคการขายเพิ่ม เช่น การแนะนำเมนูพิเศษ การให้บริการที่ดี และการสร้างความประทับใจให้กับลูกค้า
ช่วยหาแนวทางการตลาดที่เหมาะสม,การตลาดที่เหมาะสมสำหรับร้านอาหารควรคำนึงถึงความต้องการของลูกค้าและการสร้างประสบการณ์ที่ดี การใช้โปรโมชั่นและการโปรโมทผ่านสื่อออนไลน์เป็นสิ่งสำคัญ
ขอคำแนะนำในการใช้สื่อออนไลน์โปรโมทร้าน,การใช้สื่อออนไลน์ในการโปรโมทร้านอาหารสามารถเพิ่มยอดขายได้ การใช้ภาพถ่ายและวิดีโอที่น่าสนใจ การเขียนคำบรรยายที่ดึงดูดความสนใจ และการมีปฏิสัมพันธ์กับลูกค้าเป็นสิ่งสำคัญ
แนะนำกลยุทธ์การตลาด,การสร้างแบรนด์ร้านอาหารให้เป็นที่รู้จักต้องเริ่มจากการมีเอกลักษณ์ที่โดดเด่น การออกแบบโลโก้และบรรจุภัณฑ์ที่น่าสนใจ รวมถึงการใช้โซเชียลมีเดียในการโปรโมท
แนะนำกลยุทธ์การตลาด,การสร้างแบรนด์ร้านอาหารให้เป็นที่รู้จักต้องเริ่มจากการมีเอกลักษณ์ที่โดดเด่น การออกแบบโลโก้และบรรจุภัณฑ์ที่น่าสนใจ รวมถึงการใช้โซเชียลมีเดียในการโปรโมท
แนะนำกลยุทธ์การตลาด,การสร้างแบรนด์ร้านอาหารให้เป็นที่รู้จักต้องเริ่มจากการมีเอกลักษณ์ที่โดดเด่น การออกแบบโลโก้และบรรจุภัณฑ์ที่น่าสนใจ การออกแบบโลโก้และบรรจุภัณฑ์ที่น่าสนใจ การออกแบบโลโก้และบรรจุภัณฑ์ที่น่าสนใจ รวมถึงการใช้โซเชียลมีเดียในการโปรโมท
แนะนำกลยุทธ์การตลาด,การออกแบบโลโก้และบรรจุภัณฑ์ที่น่าสนใจ การสร้างแบรนด์ร้านอาหารให้เป็นที่รู้จักต้องเริ่มจากการมีเอกลักษณ์ที่โดดเด่น รวมถึงการใช้โซเชียลมีเดียในการโปรโมท
แนะนำกลยุทธ์การตลาด,การสร้างแบรนด์ร้านอาหารให้เป็นที่รู้จักต้องเริ่มจากการมีเอกลักษณ์ที่โดดเด่น การออกแบบโลโก้และบรรจุภัณฑ์ที่น่าสนใจ รวมถึงการใช้โซเชียลมีเดียในการโปรโมท
ช่วยสร้างแบรนด์ร้านอาหาร,กลยุทธ์การตลาดที่ดีสำหรับร้านอาหารคือการใช้โปรโมชั่นดึงดูดลูกค้าใหม่ๆ และรักษาลูกค้าเก่า เช่น การแจกคูปองส่วนลด การจัดกิจกรรมพิเศษ
ช่วยสร้างแบรนด์ร้านอาหาร,กลยุทธ์การตลาดที่ดีสำหรับร้านอาหารคือการใช้โปรโมชั่นดึงดูดลูกค้าใหม่ๆ และรักษาลูกค้าเก่า เช่น การแจกคูปองส่วนลด การจัดกิจกรรมพิเศษ
ช่วยสร้างแบรนด์ร้านอาหาร,กลยุทธ์การตลาดที่ดีสำหรับร้านอาหารคือการใช้โปรโมชั่นดึงดูดลูกค้าใหม่ๆ และรักษาลูกค้าเก่า เช่น เช่น การแจกคูปองส่วนลด การจัดกิจกรรมพิเศษ
ช่วยสร้างแบรนด์ร้านอาหาร,และรักษาลูกค้าเก่า การจัดกิจกรรมพิเศษ เช่น กลยุทธ์การตลาดที่ดีสำหรับร้านอาหารคือการใช้โปรโมชั่นดึงดูดลูกค้าใหม่ๆ การแจกคูปองส่วนลด
ช่วยสร้างแบรนด์ร้านอาหาร,และรักษาลูกค้าเก่า เช่น การจัดกิจกรรมพิเศษ
แนะนำวิธีโปรโมทร้านอาหาร,การโปรโมทร้านอาหารผ่านสื่อออนไลน์สามารถเพิ่มยอดขายได้ การใช้ภาพถ่ายที่น่าสนใจและการเขียนคำบรรยายที่ดึงดูดความสนใจเป็นสิ่งสำคัญ
แนะนำวิธีโปรโมทร้านอาหาร,การโปรโมทร้านอาหารผ่านสื่อออนไลน์สามารถเพิ่มยอดขายได้ การใช้ภาพถ่ายที่น่าสนใจและการเขียนคำบรรยายที่ดึงดูดความสนใจเป็นสิ่งสำคัญ
แนะนำวิธีโปรโมทร้านอาหาร,การโปรโมทร้านอาหารผ่านสื่อออนไลน์สามารถเพิ่มยอดขายได้ การใช้ภาพถ่ายที่น่าสนใจและการเขียนคำบรรยายที่ดึงดูดความสนใจเป็นสิ่งสำคัญ การโปรโมทร้านอาหารผ่านสื่อออนไลน์สามารถเพิ่มยอดขายได้
แนะนำวิธีโปรโมทร้านอาหาร,การใช้ภาพถ่ายที่น่าสนใจและการเขียนคำบรรยายที่ดึงดูดความสนใจเป็นสิ่งสำคัญ การโปรโมทร้านอาหารผ่านสื่อออนไลน์สามารถเพิ่มยอดขายได้
แนะนำวิธีโปรโมทร้านอาหาร,การโปรโมทร้านอาหารผ่านสื่อออนไลน์สามารถเพิ่มยอดขายได้ การใช้ภาพถ่ายที่น่าสนใจและการเขียนคำบรรยายที่ดึงดูดความสนใจเป็นสิ่งสำคัญ
ขอคำแนะนำในการทำโฆษณา,การทำโฆษณาบนโซเชียลมีเดียเป็นวิธีที่มีประสิทธิภาพในการเข้าถึงกลุ่มเป้าหมาย การใช้วิดีโอสั้นๆ ที่แสดงให้เห็นถึงบรรยากาศและอาหารของร้านสามารถดึงดูดความสนใจได้
ขอคำแนะนำในการทำโฆษณา,การทำโฆษณาบนโซเชียลมีเดียเป็นวิธีที่มีประสิทธิภาพในการเข้าถึงกลุ่มเป้าหมาย การใช้วิดีโอสั้นๆ ที่แสดงให้เห็นถึงบรรยากาศและอาหารของร้านสามารถดึงดูดความสนใจได้
ขอคำแนะนำในการทำโฆษณา,การทำโฆษณาบนโซเชียลมีเดียเป็นวิธีที่มีประสิทธิภาพในการเข้าถึงกลุ่มเป้าหมาย การใช้วิดีโอสั้นๆ ที่แสดงให้เห็นถึงบรรยากาศและอาหารของร้านสามารถดึงดูดความสนใจได้ การใช้วิดีโอสั้นๆ
ขอคำแนะนำในการทำโฆษณา,การใช้วิดีโอสั้นๆ การทำโฆษณาบนโซเชียลมีเดียเป็นวิธีที่มีประสิทธิภาพในการเข้าถึงกลุ่มเป้าหมาย ที่แสดงให้เห็นถึงบรรยากาศและอาหารของร้านสามารถดึงดูดความสนใจได้
ขอคำแนะนำในการทำโฆษณา,การทำโฆษณาบนโซเชียลมีเดียเป็นวิธีที่มีประสิทธิภาพในการเข้าถึงกลุ่มเป้าหมาย การใช้วิดีโอสั้นๆ ที่แสดงให้เห็นถึงบรรยากาศและอาหารของร้านสามารถดึงดูดความสนใจได้
ช่วยวางแผนการตลาดให้หน่อย,การวางแผนการตลาดสำหรับร้านอาหารควรเริ่มจากการวิเคราะห์กลุ่มเป้าหมาย และการตั้งเป้าหมายที่ชัดเจน การใช้สื่อออนไลน์และการทำโปรโมชั่นเป็นสิ่งสำคัญ
ช่วยวางแผนการตลาดให้หน่อย,การวางแผนการตลาดสำหรับร้านอาหารควรเริ่มจากการวิเคราะห์กลุ่มเป้าหมาย และการตั้งเป้าหมายที่ชัดเจน การใช้สื่อออนไลน์และการทำโปรโมชั่นเป็นสิ่งสำคัญ
ช่วยวางแผนการตลาดให้หน่อย,การวางแผนการตลาดสำหรับร้านอาหารควรเริ่มจากการวิเคราะห์กลุ่มเป้าหมาย และการตั้งเป้าหมายที่ชัดเจน การใช้สื่อออนไลน์และการทำโปรโมชั่นเป็นสิ่งสำคัญ และการตั้งเป้าหมายที่ชัดเจน
ช่วยวางแผนการตลาดให้หน่อย,การวางแผนการตลาดสำหรับร้านอาหารควรเริ่มจากการวิเคราะห์กลุ่มเป้าหมาย และการตั้งเป้าหมายที่ชัดเจน การใช้สื่อออนไลน์และการทำโปรโมชั่นเป็นสิ่งสำคัญ
ช่วยวางแผนการตลาดให้หน่อย,และการตั้งเป้าหมายที่ชัดเจน
แนะนำวิธีเพิ่มยอดขาย,การเพิ่มยอดขายให้ร้านอาหารสามารถทำได้โดยการใช้เทคนิคการขายเพิ่ม เช่น การแนะนำเมนูพิเศษ การให้บริการที่ดี และการสร้างความประทับใจให้กับลูกค้า
แนะนำวิธีเพิ่มยอดขาย,การเพิ่มยอดขายให้ร้านอาหารสามารถทำได้โดยการใช้เทคนิคการขายเพิ่ม เช่น การแนะนำเมนูพิเศษ การให้บริการที่ดี และการสร้างความประทับใจให้กับลูกค้า
แนะนำวิธีเพิ่มยอดขาย,การเพิ่มยอดขายให้ร้านอาหารสามารถทำได้โดยการใช้เทคนิคการขายเพิ่ม การเพิ่มยอดขายให้ร้านอาหารสามารถทำได้โดยการใช้เทคนิคการขายเพิ่ม เช่น การแนะนำเมนูพิเศษ การให้บริการที่ดี และการสร้างความประทับใจให้กับลูกค้า และการสร้างความประทับใจให้กับลูกค้า
แนะนำวิธีเพิ่มยอดขาย,การเพิ่มยอดขายให้ร้านอาหารสามารถทำได้โดยการใช้เทคนิคการขายเพิ่ม และการสร้างความประทับใจให้กับลูกค้า การแนะนำเมนูพิเศษ การให้บริการที่ดี เช่น
แนะนำวิธีเพิ่มยอดขาย,การเพิ่มยอดขายให้ร้านอาหารสามารถทำได้โดยการใช้เทคนิคการขายเพิ่ม การแนะนำเมนูพิเศษ การให้บริการที่ดี และการสร้างความประทับใจให้กับลูกค้า
ช่วยหาแนวทางการตลาดที่เหมาะสม,การตลาดที่เหมาะสมสำหรับร้านอาหารควรคำนึงถึงความต้องการของลูกค้าและการสร้างประสบการณ์ที่ดี การใช้โปรโมชั่นและการโปรโมทผ่านสื่อออนไลน์เป็นสิ่งสำคัญ
ช่วยหาแนวทางการตลาดที่เหมาะสม,การตลาดที่เหมาะสมสำหรับร้านอาหารควรคำนึงถึงความต้องการของลูกค้าและการสร้างประสบการณ์ที่ดี การใช้โปรโมชั่นและการโปรโมทผ่านสื่อออนไลน์เป็นสิ่งสำคัญ
ช่วยหาแนวทางการตลาดที่เหมาะสม,การใช้โปรโมชั่นและการโปรโมทผ่านสื่อออนไลน์เป็นสิ่งสำคัญ การตลาดที่เหมาะสมสำหรับร้านอาหารควรคำนึงถึงความต้องการของลูกค้าและการสร้างประสบการณ์ที่ดี การใช้โปรโมชั่นและการโปรโมทผ่านสื่อออนไลน์เป็นสิ่งสำคัญ การใช้โปรโมชั่นและการโปรโมทผ่านสื่อออนไลน์เป็นสิ่งสำคัญ
ช่วยหาแนวทางการตลาดที่เหมาะสม,การใช้โปรโมชั่นและการโปรโมทผ่านสื่อออนไลน์เป็นสิ่งสำคัญ การตลาดที่เหมาะสมสำหรับร้านอาหารควรคำนึงถึงความต้องการของลูกค้าและการสร้างประสบการณ์ที่ดี
ช่วยหาแนวทางการตลาดที่เหมาะสม,การใช้โปรโมชั่นและการโปรโมทผ่านสื่อออนไลน์เป็นสิ่งสำคัญ
ขอคำแนะนำในการใช้สื่อออนไลน์โปรโมทร้าน,การใช้สื่อออนไลน์ในการโปรโมทร้านอาหารสามารถเพิ่มยอดขายได้ การใช้ภาพถ่ายและวิดีโอที่น่าสนใจ การเขียนคำบรรยายที่ดึงดูดความสนใจ และการมีปฏิสัมพันธ์กับลูกค้าเป็นสิ่งสำคัญ
ขอคำแนะนำในการใช้สื่อออนไลน์โปรโมทร้าน,การใช้สื่อออนไลน์ในการโปรโมทร้านอาหารสามารถเพิ่มยอดขายได้ การใช้ภาพถ่ายและวิดีโอที่น่าสนใจ การเขียนคำบรรยายที่ดึงดูดความสนใจ และการมีปฏิสัมพันธ์กับลูกค้าเป็นสิ่งสำคัญ
ขอคำแนะนำในการใช้สื่อออนไลน์โปรโมทร้าน,การใช้สื่อออนไลน์ในการโปรโมทร้านอาหารสามารถเพิ่มยอดขายได้ และการมีปฏิสัมพันธ์กับลูกค้าเป็นสิ่งสำคัญ การใช้ภาพถ่ายและวิดีโอที่น่าสนใจ การเขียนคำบรรยายที่ดึงดูดความสนใจ และการมีปฏิสัมพันธ์กับลูกค้าเป็นสิ่งสำคัญ
ขอคำแนะนำในการใช้สื่อออนไลน์โปรโมทร้าน,และการมีปฏิสัมพันธ์กับลูกค้าเป็นสิ่งสำคัญ การใช้สื่อออนไลน์ในการโปรโมทร้านอาหารสามารถเพิ่มยอดขายได้ การใช้ภาพถ่ายและวิดีโอที่น่าสนใจ การเขียนคำบรรยายที่ดึงดูดความสนใจ
ขอคำแนะนำในการใช้สื่อออนไลน์โปรโมทร้าน,การใช้สื่อออนไลน์ในการโปรโมทร้านอาหารสามารถเพิ่มยอดขายได้ การใช้ภาพถ่ายและวิดีโอที่น่าสนใจ การเขียนคำบรรยายที่ดึงดูดความสนใจ
