restaurant_name,description
ร้านข้าวซอยนิมมาน,เขียนคำอธิบายเมนูข้าวซอยไก่ของร้านผมให้หน่อย: ข้าวซอยไก่ของร้านเราถือเป็นเมนูซิกเนเจอร์ที่ห้ามพลาด! น้ำแกงข้าวซอยหอมกรุ่นจากเครื่องเทศหลากหลายชนิด เนื้อไก่ที่นุ่มละลายในปาก เส้นข้าวซอยเหนียวนุ่มทุกคำ เสิร์ฟพร้อมเครื่องเคียงผักสด เพิ่มความอร่อยด้วยบีบมะนาวเล็กน้อย รับรองว่าทุกคำที่ทานจะได้สัมผัสรสชาติที่เข้มข้นและกลมกล่อม
ร้านแกงฮังเลบ้านอาจารย์,เขียนคำอธิบายเมนูแกงฮังเลของร้านผมให้หน่อย: แกงฮังเลบ้านอาจารย์คือเมนูที่นักท่องเที่ยวต้องมาลิ้มลอง! หมูสามชั้นนุ่มๆ ที่ถูกหมักจนหอมด้วยเครื่องแกงฮังเลสูตรพิเศษจากภาคเหนือ รสชาติเปรี้ยวหวานและเผ็ดน้อยๆ รับประทานคู่กับข้าวสวยร้อนๆ เป็นประสบการณ์การรับประทานอาหารที่ไม่เหมือนใคร
ร้านน้ำพริกหนุ่มยอดนิยม,เขียนแคปชั่นเมนูเด็ดของร้านน้ำพริกหนุ่มยอดนิยมให้หน่อยขอแบบน่าดึงดูด: น้ำพริกหนุ่มยอดนิยม เผ็ดกำลังดี หอมเครื่องเทศและพริกคั่ว เสิร์ฟพร้อมผักสดและข้าวเหนียว อร่อยจนต้องลอง!
ร้านอาหารทะเลพัทยา,เขียนคำอธิบายเมนูปูผัดผงกะหรี่ของร้านผมให้หน่อย: ปูผัดผงกะหรี่ของร้านอาหารทะเลพัทยาเป็นเมนูที่คนรักอาหารทะเลไม่ควรพลาด! เนื้อปูสดๆ ผัดกับผงกะหรี่และเครื่องปรุงที่เข้มข้น รสชาติหวานมันกลมกล่อม ทานคู่กับข้าวสวยร้อนๆ ยิ่งเพิ่มความอร่อย
ร้านหมูกระทะชาวบ้าน,เขียนแคปชั่นเมนูเด็ดของร้านหมูกระทะชาวบ้านให้หน่อยขอแบบน่าดึงดูด: หมูกระทะชาวบ้าน เนื้อหมูสดใหม่ น้ำจิ้มรสเด็ด การันตีความอร่อยจนต้องมาลองเอง!
ร้านอาหารอีสานป้าแดง,เขียนคำอธิบายเมนูส้มตำไทยของร้านผมให้หน่อย: ส้มตำไทยป้าแดง รสชาติจัดจ้านถึงใจ พริกสดตำมือ ผสมกับมะละกอกรอบๆ และเครื่องปรุงที่สดใหม่ เสิร์ฟพร้อมกับข้าวเหนียวและไก่ย่าง เป็นเมนูที่นักชิมไม่ควรพลาด
ร้านคาเฟ่ในสวน,เขียนแคปชั่นเมนูเค้กช็อกโกแลตของร้านคาเฟ่ในสวนให้หน่อยขอแบบน่าดึงดูด: เค้กช็อกโกแลตโฮมเมด เนื้อนุ่มลิ้น หอมหวานทุกคำที่ทาน
ร้านอาหารเวียดนามสุขใจ,เขียนคำอธิบายเมนูเฝอเนื้อของร้านผมให้หน่อย: เฝอเนื้อสุขใจ น้ำซุปรสชาติกลมกล่อม เนื้อวัวนุ่มๆ เส้นเฝอเหนียวนุ่ม พร้อมด้วยผักสดและเครื่องปรุงต่างๆ เป็นเมนูที่ให้ความรู้สึกอบอุ่นเหมือนทานอาหารที่บ้าน
ร้านข้าวซอยนิมมาน,เขียนคำอธิบายเมนูข้าวซอยไก่ของร้านผมให้หน่อย: ข้าวซอยไก่ของร้านเราถือเป็นเมนูซิกเนเจอร์ที่ห้ามพลาด! น้ำแกงข้าวซอยหอมกรุ่นจากเครื่องเทศหลากหลายชนิด เนื้อไก่ที่นุ่มละลายในปาก เส้นข้าวซอยเหนียวนุ่มทุกคำ เสิร์ฟพร้อมเครื่องเคียงผักสด เพิ่มความอร่อยด้วยบีบมะนาวเล็กน้อย รับรองว่าทุกคำที่ทานจะได้สัมผัสรสชาติที่เข้มข้นและกลมกล่อม
ร้านข้าวซอยนิมมาน,เขียนคำอธิบายเมนูข้าวซอยไก่ของร้านผมให้หน่อย: ข้าวซอยไก่ของร้านเราถือเป็นเมนูซิกเนเจอร์ที่ห้ามพลาด! น้ำแกงข้าวซอยหอมกรุ่นจากเครื่องเทศหลากหลายชนิด เนื้อไก่ที่นุ่มละลายในปาก เส้นข้าวซอยเหนียวนุ่มทุกคำ เสิร์ฟพร้อมเครื่องเคียงผักสด เพิ่มความอร่อยด้วยบีบมะนาวเล็กน้อย รับรองว่าทุกคำที่ทานจะได้สัมผัสรสชาติที่เข้มข้นและกลมกล่อม
ร้านข้าวซอยนิมมาน,เขียนคำอธิบายเมนูข้าวซอยไก่ของร้านผมให้หน่อย: ข้าวซอยไก่ของร้านเราถือเป็นเมนูซิกเนเจอร์ที่ห้ามพลาด! น้ำแกงข้าวซอยหอมกรุ่นจากเครื่องเทศหลากหลายชนิด เนื้อไก่ที่นุ่มละลายในปาก รับรองว่าทุกคำที่ทานจะได้สัมผัสรสชาติที่เข้มข้นและกลมกล่อม เส้นข้าวซอยเหนียวนุ่มทุกคำ เสิร์ฟพร้อมเครื่องเคียงผักสด เพิ่มความอร่อยด้วยบีบมะนาวเล็กน้อย รับรองว่าทุกคำที่ทานจะได้สัมผัสรสชาติที่เข้มข้นและกลมกล่อม น้ำแกงข้าวซอยหอมกรุ่นจากเครื่องเทศหลากหลายชนิด เสิร์ฟพร้อมเครื่องเคียงผักสด
ร้านข้าวซอยนิมมาน,เขียนคำอธิบายเมนูข้าวซอยไก่ของร้านผมให้หน่อย: เส้นข้าวซอยเหนียวนุ่มทุกคำ น้ำแกงข้าวซอยหอมกรุ่นจากเครื่องเทศหลากหลายชนิด ข้าวซอยไก่ของร้านเราถือเป็นเมนูซิกเนเจอร์ที่ห้ามพลาด! เนื้อไก่ที่นุ่มละลายในปาก เสิร์ฟพร้อมเครื่องเคียงผักสด เพิ่มความอร่อยด้วยบีบมะนาวเล็กน้อย รับรองว่าทุกคำที่ทานจะได้สัมผัสรสชาติที่เข้มข้นและกลมกล่อม
ร้านข้าวซอยนิมมาน,เขียนคำอธิบายเมนูข้าวซอยไก่ของร้านผมให้หน่อย: ข้าวซอยไก่ของร้านเราถือเป็นเมนูซิกเนเจอร์ที่ห้ามพลาด! น้ำแกงข้าวซอยหอมกรุ่นจากเครื่องเทศหลากหลายชนิด เนื้อไก่ที่นุ่มละลายในปาก เส้นข้าวซอยเหนียวนุ่มทุกคำ เพิ่มความอร่อยด้วยบีบมะนาวเล็กน้อย รับรองว่าทุกคำที่ทานจะได้สัมผัสรสชาติที่เข้มข้นและกลมกล่อม
ร้านแกงฮังเลบ้านอาจารย์,เขียนคำอธิบายเมนูแกงฮังเลของร้านผมให้หน่อย: แกงฮังเลบ้านอาจารย์คือเมนูที่นักท่องเที่ยวต้องมาลิ้มลอง! หมูสามชั้นนุ่มๆ ที่ถูกหมักจนหอมด้วยเครื่องแกงฮังเลสูตรพิเศษจากภาคเหนือ รสชาติเปรี้ยวหวานและเผ็ดน้อยๆ รับประทานคู่กับข้าวสวยร้อนๆ เป็นประสบการณ์การรับประทานอาหารที่ไม่เหมือนใคร
ร้านแกงฮังเลบ้านอาจารย์,เขียนคำอธิบายเมนูแกงฮังเลของร้านผมให้หน่อย: แกงฮังเลบ้านอาจารย์คือเมนูที่นักท่องเที่ยวต้องมาลิ้มลอง! หมูสามชั้นนุ่มๆ ที่ถูกหมักจนหอมด้วยเครื่องแกงฮังเลสูตรพิเศษจากภาคเหนือ รสชาติเปรี้ยวหวานและเผ็ดน้อยๆ รับประทานคู่กับข้าวสวยร้อนๆ เป็นประสบการณ์การรับประทานอาหารที่ไม่เหมือนใคร
ร้านแกงฮังเลบ้านอาจารย์,แกงฮังเลบ้านอาจารย์คือเมนูที่นักท่องเที่ยวต้องมาลิ้มลอง! เขียนคำอธิบายเมนูแกงฮังเลของร้านผมให้หน่อย: เขียนคำอธิบายเมนูแกงฮังเลของร้านผมให้หน่อย: แกงฮังเลบ้านอาจารย์คือเมนูที่นักท่องเที่ยวต้องมาลิ้มลอง! เขียนคำอธิบายเมนูแกงฮังเลของร้านผมให้หน่อย: หมูสามชั้นนุ่มๆ ที่ถูกหมักจนหอมด้วยเครื่องแกงฮังเลสูตรพิเศษจากภาคเหนือ รสชาติเปรี้ยวหวานและเผ็ดน้อยๆ รับประทานคู่กับข้าวสวยร้อนๆ เป็นประสบการณ์การรับประทานอาหารที่ไม่เหมือนใคร
ร้านแกงฮังเลบ้านอาจารย์,เขียนคำอธิบายเมนูแกงฮังเลของร้านผมให้หน่อย: รสชาติเปรี้ยวหวานและเผ็ดน้อยๆ หมูสามชั้นนุ่มๆ แกงฮังเลบ้านอาจารย์คือเมนูที่นักท่องเที่ยวต้องมาลิ้มลอง! เป็นประสบการณ์การรับประทานอาหารที่ไม่เหมือนใคร รับประทานคู่กับข้าวสวยร้อนๆ ที่ถูกหมักจนหอมด้วยเครื่องแกงฮังเลสูตรพิเศษจากภาคเหนือ
ร้านแกงฮังเลบ้านอาจารย์,เขียนคำอธิบายเมนูแกงฮังเลของร้านผมให้หน่อย: หมูสามชั้นนุ่มๆ ที่ถูกหมักจนหอมด้วยเครื่องแกงฮังเลสูตรพิเศษจากภาคเหนือ รับประทานคู่กับข้าวสวยร้อนๆ
ร้านน้ำพริกหนุ่มยอดนิยม,เขียนแคปชั่นเมนูเด็ดของร้านน้ำพริกหนุ่มยอดนิยมให้หน่อยขอแบบน่าดึงดูด: น้ำพริกหนุ่มยอดนิยม เผ็ดกำลังดี หอมเครื่องเทศและพริกคั่ว เสิร์ฟพร้อมผักสดและข้าวเหนียว อร่อยจนต้องลอง!
ร้านน้ำพริกหนุ่มยอดนิยม,เขียนแคปชั่นเมนูเด็ดของร้านน้ำพริกหนุ่มยอดนิยมให้หน่อยขอแบบน่าดึงดูด: น้ำพริกหนุ่มยอดนิยม เผ็ดกำลังดี หอมเครื่องเทศและพริกคั่ว เสิร์ฟพร้อมผักสดและข้าวเหนียว อร่อยจนต้องลอง!
ร้านน้ำพริกหนุ่มยอดนิยม,เขียนแคปชั่นเมนูเด็ดของร้านน้ำพริกหนุ่มยอดนิยมให้หน่อยขอแบบน่าดึงดูด: เขียนแคปชั่นเมนูเด็ดของร้านน้ำพริกหนุ่มยอดนิยมให้หน่อยขอแบบน่าดึงดูด: น้ำพริกหนุ่มยอดนิยม น้ำพริกหนุ่มยอดนิยม เผ็ดกำลังดี หอมเครื่องเทศและพริกคั่ว เสิร์ฟพร้อมผักสดและข้าวเหนียว หอมเครื่องเทศและพริกคั่ว อร่อยจนต้องลอง!
ร้านน้ำพริกหนุ่มยอดนิยม,เขียนแคปชั่นเมนูเด็ดของร้านน้ำพริกหนุ่มยอดนิยมให้หน่อยขอแบบน่าดึงดูด: เผ็ดกำลังดี น้ำพริกหนุ่มยอดนิยม หอมเครื่องเทศและพริกคั่ว เสิร์ฟพร้อมผักสดและข้าวเหนียว อร่อยจนต้องลอง!
ร้านน้ำพริกหนุ่มยอดนิยม,น้ำพริกหนุ่มยอดนิยม หอมเครื่องเทศและพริกคั่ว อร่อยจนต้องลอง!
ร้านอาหารทะเลพัทยา,เขียนคำอธิบายเมนูปูผัดผงกะหรี่ของร้านผมให้หน่อย: ปูผัดผงกะหรี่ของร้านอาหารทะเลพัทยาเป็นเมนูที่คนรักอาหารทะเลไม่ควรพลาด! เนื้อปูสดๆ ผัดกับผงกะหรี่และเครื่องปรุงที่เข้มข้น รสชาติหวานมันกลมกล่อม ทานคู่กับข้าวสวยร้อนๆ ยิ่งเพิ่มความอร่อย
ร้านอาหารทะเลพัทยา,เขียนคำอธิบายเมนูปูผัดผงกะหรี่ของร้านผมให้หน่อย: ปูผัดผงกะหรี่ของร้านอาหารทะเลพัทยาเป็นเมนูที่คนรักอาหารทะเลไม่ควรพลาด! เนื้อปูสดๆ ผัดกับผงกะหรี่และเครื่องปรุงที่เข้มข้น รสชาติหวานมันกลมกล่อม ทานคู่กับข้าวสวยร้อนๆ ยิ่งเพิ่มความอร่อย
ร้านอาหารทะเลพัทยา,เขียนคำอธิบายเมนูปูผัดผงกะหรี่ของร้านผมให้หน่อย: ปูผัดผงกะหรี่ของร้านอาหารทะเลพัทยาเป็นเมนูที่คนรักอาหารทะเลไม่ควรพลาด! รสชาติหวานมันกลมกล่อม เนื้อปูสดๆ ผัดกับผงกะหรี่และเครื่องปรุงที่เข้มข้น รสชาติหวานมันกลมกล่อม ทานคู่กับข้าวสวยร้อนๆ ยิ่งเพิ่มความอร่อย
ร้านอาหารทะเลพัทยา,เขียนคำอธิบายเมนูปูผัดผงกะหรี่ของร้านผมให้หน่อย: ปูผัดผงกะหรี่ของร้านอาหารทะเลพัทยาเป็นเมนูที่คนรักอาหารทะเลไม่ควรพลาด! ยิ่งเพิ่มความอร่อย เนื้อปูสดๆ รสชาติหวานมันกลมกล่อม ทานคู่กับข้าวสวยร้อนๆ ผัดกับผงกะหรี่และเครื่องปรุงที่เข้มข้น
ร้านอาหารทะเลพัทยา,เขียนคำอธิบายเมนูปูผัดผงกะหรี่ของร้านผมให้หน่อย: เนื้อปูสดๆ ผัดกับผงกะหรี่และเครื่องปรุงที่เข้มข้น รสชาติหวานมันกลมกล่อม ทานคู่กับข้าวสวยร้อนๆ
ร้านหมูกระทะชาวบ้าน,เขียนแคปชั่นเมนูเด็ดของร้านหมูกระทะชาวบ้านให้หน่อยขอแบบน่าดึงดูด: หมูกระทะชาวบ้าน เนื้อหมูสดใหม่ น้ำจิ้มรสเด็ด การันตีความอร่อยจนต้องมาลองเอง!
ร้านหมูกระทะชาวบ้าน,เขียนแคปชั่นเมนูเด็ดของร้านหมูกระทะชาวบ้านให้หน่อยขอแบบน่าดึงดูด: หมูกระทะชาวบ้าน เนื้อหมูสดใหม่ น้ำจิ้มรสเด็ด การันตีความอร่อยจนต้องมาลองเอง!
ร้านหมูกระทะชาวบ้าน,เขียนแคปชั่นเมนูเด็ดของร้านหมูกระทะชาวบ้านให้หน่อยขอแบบน่าดึงดูด: หมูกระทะชาวบ้าน น้ำจิ้มรสเด็ด เนื้อหมูสดใหม่ เขียนแคปชั่นเมนูเด็ดของร้านหมูกระทะชาวบ้านให้หน่อยขอแบบน่าดึงดูด: น้ำจิ้มรสเด็ด การันตีความอร่อยจนต้องมาลองเอง!
ร้านหมูกระทะชาวบ้าน,เนื้อหมูสดใหม่ หมูกระทะชาวบ้าน น้ำจิ้มรสเด็ด การันตีความอร่อยจนต้องมาลองเอง! เขียนแคปชั่นเมนูเด็ดของร้านหมูกระทะชาวบ้านให้หน่อยขอแบบน่าดึงดูด:
ร้านหมูกระทะชาวบ้าน,เขียนแคปชั่นเมนูเด็ดของร้านหมูกระทะชาวบ้านให้หน่อยขอแบบน่าดึงดูด: หมูกระทะชาวบ้าน น้ำจิ้มรสเด็ด การันตีความอร่อยจนต้องมาลองเอง!
ร้านอาหารอีสานป้าแดง,เขียนคำอธิบายเมนูส้มตำไทยของร้านผมให้หน่อย: ส้มตำไทยป้าแดง รสชาติจัดจ้านถึงใจ พริกสดตำมือ ผสมกับมะละกอกรอบๆ และเครื่องปรุงที่สดใหม่ เสิร์ฟพร้อมกับข้าวเหนียวและไก่ย่าง เป็นเมนูที่นักชิมไม่ควรพลาด
ร้านอาหารอีสานป้าแดง,เขียนคำอธิบายเมนูส้มตำไทยของร้านผมให้หน่อย: ส้มตำไทยป้าแดง รสชาติจัดจ้านถึงใจ พริกสดตำมือ ผสมกับมะละกอกรอบๆ และเครื่องปรุงที่สดใหม่ เสิร์ฟพร้อมกับข้าวเหนียวและไก่ย่าง เป็นเมนูที่นักชิมไม่ควรพลาด
ร้านอาหารอีสานป้าแดง,เขียนคำอธิบายเมนูส้มตำไทยของร้านผมให้หน่อย: พริกสดตำมือ ส้มตำไทยป้าแดง เสิร์ฟพร้อมกับข้าวเหนียวและไก่ย่าง รสชาติจัดจ้านถึงใจ พริกสดตำมือ ผสมกับมะละกอกรอบๆ และเครื่องปรุงที่สดใหม่ เสิร์ฟพร้อมกับข้าวเหนียวและไก่ย่าง เป็นเมนูที่นักชิมไม่ควรพลาด
ร้านอาหารอีสานป้าแดง,ส้มตำไทยป้าแดง และเครื่องปรุงที่สดใหม่ รสชาติจัดจ้านถึงใจ พริกสดตำมือ ผสมกับมะละกอกรอบๆ เสิร์ฟพร้อมกับข้าวเหนียวและไก่ย่าง เขียนคำอธิบายเมนูส้มตำไทยของร้านผมให้หน่อย: เป็นเมนูที่นักชิมไม่ควรพลาด
ร้านอาหารอีสานป้าแดง,เขียนคำอธิบายเมนูส้มตำไทยของร้านผมให้หน่อย: ส้มตำไทยป้าแดง รสชาติจัดจ้านถึงใจ พริกสดตำมือ ผสมกับมะละกอกรอบๆ เสิร์ฟพร้อมกับข้าวเหนียวและไก่ย่าง
ร้านคาเฟ่ในสวน,เขียนแคปชั่นเมนูเค้กช็อกโกแลตของร้านคาเฟ่ในสวนให้หน่อยขอแบบน่าดึงดูด: เค้กช็อกโกแลตโฮมเมด เนื้อนุ่มลิ้น หอมหวานทุกคำที่ทาน
ร้านคาเฟ่ในสวน,เขียนแคปชั่นเมนูเค้กช็อกโกแลตของร้านคาเฟ่ในสวนให้หน่อยขอแบบน่าดึงดูด: เค้กช็อกโกแลตโฮมเมด เนื้อนุ่มลิ้น หอมหวานทุกคำที่ทาน
ร้านคาเฟ่ในสวน,เค้กช็อกโกแลตโฮมเมด เนื้อนุ่มลิ้น เขียนแคปชั่นเมนูเค้กช็อกโกแลตของร้านคาเฟ่ในสวนให้หน่อยขอแบบน่าดึงดูด: เค้กช็อกโกแลตโฮมเมด เนื้อนุ่มลิ้น หอมหวานทุกคำที่ทาน
ร้านคาเฟ่ในสวน,หอมหวานทุกคำที่ทาน เค้กช็อกโกแลตโฮมเมด เนื้อนุ่มลิ้น เขียนแคปชั่นเมนูเค้กช็อกโกแลตของร้านคาเฟ่ในสวนให้หน่อยขอแบบน่าดึงดูด:
ร้านคาเฟ่ในสวน,เขียนแคปชั่นเมนูเค้กช็อกโกแลตของร้านคาเฟ่ในสวนให้หน่อยขอแบบน่าดึงดูด: เค้กช็อกโกแลตโฮมเมด เนื้อนุ่มลิ้น
ร้านอาหารเวียดนามสุขใจ,เขียนคำอธิบายเมนูเฝอเนื้อของร้านผมให้หน่อย: เฝอเนื้อสุขใจ น้ำซุปรสชาติกลมกล่อม เนื้อวัวนุ่มๆ เส้นเฝอเหนียวนุ่ม พร้อมด้วยผักสดและเครื่องปรุงต่างๆ เป็นเมนูที่ให้ความรู้สึกอบอุ่นเหมือนทานอาหารที่บ้าน
ร้านอาหารเวียดนามสุขใจ,เขียนคำอธิบายเมนูเฝอเนื้อของร้านผมให้หน่อย: เฝอเนื้อสุขใจ น้ำซุปรสชาติกลมกล่อม เนื้อวัวนุ่มๆ เส้นเฝอเหนียวนุ่ม พร้อมด้วยผักสดและเครื่องปรุงต่างๆ เป็นเมนูที่ให้ความรู้สึกอบอุ่นเหมือนทานอาหารที่บ้าน
ร้านอาหารเวียดนามสุขใจ,เขียนคำอธิบายเมนูเฝอเนื้อของร้านผมให้หน่อย: เฝอเนื้อสุขใจ น้ำซุปรสชาติกลมกล่อม เนื้อวัวนุ่มๆ เส้นเฝอเหนียวนุ่ม พร้อมด้วยผักสดและเครื่องปรุงต่างๆ พร้อมด้วยผักสดและเครื่องปรุงต่างๆ เขียนคำอธิบายเมนูเฝอเนื้อของร้านผมให้หน่อย: เป็นเมนูที่ให้ความรู้สึกอบอุ่นเหมือนทานอาหารที่บ้าน
ร้านอาหารเวียดนามสุขใจ,เขียนคำอธิบายเมนูเฝอเนื้อของร้านผมให้หน่อย: เส้นเฝอเหนียวนุ่ม น้ำซุปรสชาติกลมกล่อม เนื้อวัวนุ่มๆ เฝอเนื้อสุขใจ พร้อมด้วยผักสดและเครื่องปรุงต่างๆ เป็นเมนูที่ให้ความรู้สึกอบอุ่นเหมือนทานอาหารที่บ้าน
ร้านอาหารเวียดนามสุขใจ,เขียนคำอธิบายเมนูเฝอเนื้อของร้านผมให้หน่อย: น้ำซุปรสชาติกลมกล่อม เนื้อวัวนุ่มๆ พร้อมด้วยผักสดและเครื่องปรุงต่างๆ เป็นเมนูที่ให้ความรู้สึกอบอุ่นเหมือนทานอาหารที่บ้าน
