time,userid,user_chat,system_ans
2024-06-30T05:55:44.618932,U1a57a14a977bf82ccb6fa2cf1c504800,ร้านอาหารยอดฮิตในไทย,"{""id"":""89b981581a535fcd-SIN"",""choices"":[{""finish_reason"":""stop"",""index"":0,""message"":{""content"":""Here is a list of popular Thai restaurants and eateries in Chiang Mai based on the given information:\n\n1. เลเลฟอง - A well-rated Italian restaurant with many positive reviews praising its flavorful dishes.\nAddress: 7 ถนน ศิริมังคลาจารย์ ซอย 11 ตำบลสุเทพ อำเภอเมืองเชียงใหม่ เชียงใหม่ 50200\nContact Information: Not provided.\n\n2. Cafe Rosemary - An excellent cafe serving a variety of dishes, highly rated and appreciated for its charming atmosphere.\nAddress: 12 ถนน ศิริมังคลาจารย์ ซอย 3 ตำบลสุเทพ อำเภอเมืองเชียงใหม่ เชียงใหม่ 50200\nContact Information: Not provided.\n\n3. Ruen Tamarind Restaurant - Renowned for its tasty food and beautiful surroundings near a swimming pool.\nAddress: 50 ถนน ราชดำเนิน ซอย 1 ตำบลศรีภูมิ อำเภอเมืองเชียงใหม่ เชียงใหม่ 50200\nContact Information: Not provided.\n\n4. On the Bread - A cozy little bakery offering bread and sandwiches, loved by locals for its warm ambiance.\nAddress: 6 ถนน ศิริมังคลาจารย์ ซอย 3 ตำบลสุเทพ อำเภอเมืองเชียงใหม่ เชียงใหม่ 50100\nContact Information: Not provided.\n\n5. เดอะ ริเวอร์ไซด์ บาร์ แอนด์ เรสเตอรองท์ - A classic riverside restaurant featuring traditional Thai dishes and innovative cocktails.\nAddress: 9 11 ถนน เจริญราษฎร์ ตำบล ช้างม่อย อำเภอเมืองเชียงใหม่ เชียงใหม่ 50000\nContact Information: Not provided.\n\nPlease note that opening hours, delivery options, and prices may vary depending on the situation. Make sure to check before visiting these establishments. Enjoy your meal!"",""role"":""assistant""}}],""created"":1719701744,""model"":""typhoon-instruct"",""object"":""chat.completion"",""system_fingerprint"":null,""usage"":{""completion_tokens"":377,""prompt_tokens"":2474,""total_tokens"":2851}}"
2024-06-30T05:56:57.674122,U1a57a14a977bf82ccb6fa2cf1c504800,ร้านอาหารยอดฮิตในไทย,"{""id"":""89b9831a0fcb3e5b-SIN"",""choices"":[{""finish_reason"":""length"",""index"":0,""message"":{""content"":""Based on the provided user query and the given restaurant data, I would recommend the following popular Thai restaurants:\n\n1. เลเลฟอง (LeLafong)\nLocation: 7 ถนน ศิริมังคลาจารย์ ซอย 11 ตำบลสุเทพ อำเภอเมืองเชียงใหม่ เชียงใหม่ 50200\nRating: 4.7 (Total User Ratings: 406)\nHours: Tuesday - Thursday & Sunday: 11:00 - 14:30 & 16:30 - 22:00, Friday - Saturday: 16:30 - 22:00, Closed on Mondays\nDelivery: Not specified\nTakeout: Yes\n\nWhy this place?: This Italian restaurant is known for its excellent food quality, particularly their seafood dishes like scallops and escargots. It's also praised for its steaks.\n\n---\n\n2. Café Rosemary\nLocation: 12 ถนน ศิริมังคลาจารย์ ซอย 3 ตำบลสุเทพ อำเภอเมืองเชียงใหม่ เชียงใหม่ 50200\nRating: 4.6 (Total User Ratings: 334)\nPrice Level: Moderate (2)\nHours: Monday - Sunday: 7:00 - 14:00\nDine-in: Yes\nDelivery: Not specified\nTakeout: Yes\n\nWhy this place?: Located near Chiang Mai University, Café Rosemary serves delicious food with vegetarian options available. Its cozy atmosphere and friendly service make it a great choice for students and locals alike.\n\n---\n\n3. The Riverside Bar & Restaurant\nLocation: 9/11 ถนน เจริญราษฎร์ ตำบล ช้างม่อย อำเภอเมืองเชียงใหม่ เชียงใหม่ 50000\nRating: 4.3 (Total User Ratings: 2147)\nPrice Level: Moderate (2)\nHours: Daily: 17:00 - 01:00\nDine-in: Yes\nDelivery: Not specified\nTakeout: Yes\n\nWhy this place?: Established over 40 years ago, The Riverside Bar & Restaurant offers classic Thai dishes and unique cocktails while providing stunning river views.\n\n---\n\n4. On the Bread\nLocation: 6 ถนน ศิริมังคลาจารย์ ซอย 3 ตำบลสุเทพ อำเภอเมืองเชียงใหม่ เชียงใหม่ 50100\nRating: 4.6 (Total User Ratings: 233)\nHours: Daily: 08:00 - 16:00, Sundays until "",""role"":""assistant""}}],""created"":1719701817,""model"":""typhoon-instruct"",""object"":""chat.completion"",""system_fingerprint"":null,""usage"":{""completion_tokens"":500,""prompt_tokens"":2474,""total_tokens"":2974}}"
2024-06-30T05:58:35.140327,U1a57a14a977bf82ccb6fa2cf1c504800,ร้านอาหารยอดฮิตในไทย,"{""id"":""89b985858b2d3d81-SIN"",""choices"":[{""finish_reason"":""stop"",""index"":0,""message"":{""content"":""ผมจะแนะนำร้านอาหารยอดนิยมในเชียงใหม่ที่ผสมผสานระหว่างอาหารไทยและอาหารนานาชาติที่ได้รับการประทับใจจากลูกค้า คุณสามารถเลือกตามความชอบของคุณ:\n\n1. 3. On the Bread - สำหรับผู้ที่ชื่นชอบอาหารฝรั่งเศส มีบREAD (เบเกอรี่และของหวาน) และอาหารจานหลักที่มีรสชาติสุดยอด\n2. เลเลฟอง - สำหรับผู้ที่ชื่นชอบอาหารอิตาเลียนรสชาติสูง โดยเฉพาะเมนูที่ทำจากหอยและสเต็กเนื้อ\n3. Mr. KAI Restaurant - สำหรับผู้ที่ชื่นชอบอาหารญี่ปุ่น มีเมนูปลาดิบ, เทมปุระ, และซูชิ\n4. Cafe Rosemary - สำหรับผู้ที่ชื่นชอบคาเฟ่ มีเมนูเครื่องดื่มและเบเกอรี่ที่หลากหลาย\n5. Why Not? - สำหรับผู้ที่ชื่นชอบอาหารอิตาลีและมีไลฟ์สไตล์การดื่มไวน์ มีพิซซ่าอิตาลี, พาสต้า, และไวน์หลากหลายประเภท\n\nโปรดทราบว่าทุกสถานที่มีการให้บริการด้วยตนเอง หรือถ้าคุณต้องการอาหารส่งตรงถึงบ้าน คุณสามารถสั่งอาหารโดยใช้การบริการส่งอาหาร.\n\nหากคุณต้องการข้อมูลเพิ่มเติมหรือคำแนะนำในการตัดสินใจเลือกร้านอาหาร โปรดแจ้งให้ผมทราบครับ!"",""role"":""assistant""}}],""created"":1719701915,""model"":""typhoon-instruct"",""object"":""chat.completion"",""system_fingerprint"":null,""usage"":{""completion_tokens"":369,""prompt_tokens"":2561,""total_tokens"":2930}}"
2024-06-30T06:14:54.776257,U1a57a14a977bf82ccb6fa2cf1c504800,ร้านอาหารยอดฮิตในไทย,"{""id"":""89b99d77180844c5-SIN"",""choices"":[{""finish_reason"":""stop"",""index"":0,""message"":{""content"":""ผมจะแนะนำร้านอาหารยอดนิยมในเชียงใหม่ที่ผสมผสานระหว่างอาหารไทยและอาหารนานาชาติที่ได้รับการประทับใจจากลูกค้า คุณสามารถเลือกตามความชอบของคุณ:\n\n1. เลเลฟอง - สำหรับผู้ที่ชื่นชอบอาหารอิตาเลียนรสชาติสูง โดยเฉพาะเมนูที่ทำจากหอยและสเต็กเนื้อ\n2. Cafe Rosemary - สำหรับผู้ที่ชื่นชอบคาเฟ่ มีเมนูเครื่องดื่มและเบเกอรี่ที่หลากหลาย\n3. On the Bread - สำหรับผู้ที่ชื่นชอบอาหารฝรั่งเศส มีบREAD (เบเกอรี่และของหวาน) และอาหารจานหลักที่มีรสชาติสุดยอด\n\nโปรดทราบว่าทุกสถานที่มีการให้บริการด้วยตนเอง หรือถ้าคุณต้องการอาหารส่งตรงถึงบ้าน คุณสามารถสั่งอาหารโดยใช้การบริการส่งอาหาร.\n\nหากคุณต้องการข้อมูลเพิ่มเติมหรือคำแนะนำในการตัดสินใจเลือกร้านอาหาร โปรดแจ้งให้ผมทราบครับ!"",""role"":""assistant""}}],""created"":1719702894,""model"":""typhoon-instruct"",""object"":""chat.completion"",""system_fingerprint"":null,""usage"":{""completion_tokens"":268,""prompt_tokens"":3865,""total_tokens"":4133}}"
2024-06-30T06:15:37.334646,U1a57a14a977bf82ccb6fa2cf1c504800,ฉันชอบกินอาหารเผ็ดๆ,"{""id"":""89b99e741cc540d6-SIN"",""choices"":[{""finish_reason"":""stop"",""index"":0,""message"":{""content"":""ผมจะแนะนำร้านอาหารยอดนิยมในเชียงใหม่ที่ผสมผสานระหว่างอาหารไทยและอาหารนานาชาติที่ได้รับการประทับใจจากลูกค้า คุณสามารถเลือกตามความชอบของคุณ:\n\n1. เลเลฟอง - สำหรับผู้ที่ชื่นชอบอาหารอิตาเลียนรสชาติสูง โดยเฉพาะเมนูที่ทำจากหอยและสเต็กเนื้อ\n2. Cafe Rosemary - สำหรับผู้ที่ชื่นชอบคาเฟ่ มีเมนูเครื่องดื่มและเบเกอรี่ที่หลากหลาย\n3. On the Bread - สำหรับผู้ที่ชื่นชอบอาหารฝรั่งเศสด้วยเมนูเบเกอรี่และของหวานที่ยอดเยี่ยม\n4. เขยเจียงใหม่ - สำหรับผู้ที่ชื่นชอบอาหารเหนือรสชาติต้นตำรับที่มาพร้อมการบริการที่ดี\n5. Food 4 Thought - สำหรับผู้ที่กำลังมองหาแนวคิดใหม่ๆ ในการสร้างสรรค์เมนูอาหารที่ไม่เหมือนใคร\n6. Reform Kafé - สำหรับผู้ที่สนใจในอาหารมังสวิรัติในรูปแบบที่อร่อยและน่าตื่นตาตื่นใจ\n7. Dairy Queen - สำหรับคนที่กำลังมองหาอาหารแบบฟาสต์ฟู้ดราคาประหยัดและมีให้เลือกหลากหลาย\n\nโปรดทราบว่าทุกสถานที่มีการให้บริการด้วยตนเอง หรือถ้าคุณต้องการอาหารส่งตรงถึงบ้าน คุณสามารถสั่งอาหารโดยการใช้บริการส่งอาหาร.\n\nหากคุณต้องการข้อมูลเพิ่มเติมหรือคำแนะนำในการตัดสินใจเลือกร้านอาหาร โปรดแจ้งให้ผมทราบครับ!"",""role"":""assistant""}}],""created"":1719702937,""model"":""typhoon-instruct"",""object"":""chat.completion"",""system_fingerprint"":null,""usage"":{""completion_tokens"":410,""prompt_tokens"":4035,""total_tokens"":4445}}"
2024-06-30T10:28:31.109093,U1a57a14a977bf82ccb6fa2cf1c504800,ร้านอาหารยอดฮิตในเชียงใหม่,"{""id"":""89bb10f919f891c0-SIN"",""choices"":[{""finish_reason"":""stop"",""index"":0,""message"":{""content"":""ผมจะแนะนำร้านอาหารยอดนิยมในเชียงใหม่ที่ผสมผสานระหว่างอาหารไทยและอาหารนานาชาติที่ได้รับการประทับใจจากลูกค้า คุณสามารถเลือกตามความชอบของคุณ:\n\n1. เลเลฟอง - สำหรับผู้ที่ชื่นชอบอาหารอิตาเลียนรสชาติสูง โดยเฉพาะเมนูที่ทำจากหอยและสเต็กเนื้อ\n2. Cafe Rosemary - สำหรับผู้ที่ชื่นชอบคาเฟ่ มีเมนูเครื่องดื่มและเบเกอรี่ที่หลากหลาย\n3. On the Bread - สำหรับผู้ที่ชื่นชอบอาหารฝรั่งเศสด้วยเมนูเบเกอรี่และของหวานที่ยอดเยี่ยม\n\nโปรดทราบว่าทุกสถานที่มีการให้บริการด้วยตนเอง หรือถ้าคุณต้องการอาหารส่งตรงถึงบ้าน คุณสามารถสั่งอาหารโดยการใช้บริการส่งอาหาร.\n\nหากคุณต้องการข้อมูลเพิ่มเติมหรือคำแนะนำในการตัดสินใจเลือกร้านอาหาร โปรดแจ้งให้ผมทราบครับ!"",""role"":""assistant""}}],""created"":1719718111,""model"":""typhoon-instruct"",""object"":""chat.completion"",""system_fingerprint"":null,""usage"":{""completion_tokens"":258,""prompt_tokens"":4598,""total_tokens"":4856}}"
2024-06-30T10:30:36.617528,U1a57a14a977bf82ccb6fa2cf1c504800,เมนูยอดนิยมในเชียงใหม่,"{""id"":""89bb13f7bc649f98-SIN"",""choices"":[{""finish_reason"":""stop"",""index"":0,""message"":{""content"":""ผมจะแนะนำร้านอาหารยอดนิยมในเชียงใหม่ที่ผสมผสานระหว่างอาหารไทยและอาหารนานาชาติที่ได้รับการประทับใจจากลูกค้า คุณสามารถเลือกตามความชอบของคุณ:\n\n1. เลเลฟอง - สำหรับผู้ที่ชื่นชอบอาหารอิตาเลียนรสชาติสูง โดยเฉพาะเมนูที่ทำจากหอยและสเต็กเนื้อ\n2. Cafe Rosemary - สำหรับผู้ที่ชื่นชอบคาเฟ่ มีเมนูเครื่องดื่มและเบเกอรี่ที่หลากหลาย\n3. On the Bread - สำหรับผู้ที่ชื่นชอบอาหารฝรั่งเศสด้วยเมนูเบเกอรี่และของหวานที่ยอดเยี่ยม\n4. ชีวิต ชีวา - สำหรับผู้ที่ชื่นชอบอาหารไทยและบรรยากาศของร้านที่ตั้งอยู่บนแม่น้ำปิง\n5. The Duke's Ping River - สำหรับผู้ที่ชื่นชอบอาหารไทยและวิวที่สวยงามของแม่น้ำปิง\n6. เดอะ ริเวอร์ไซด์ บาร์ แอนด์ เรสเตอรองท์ - สำหรับผู้ที่ชื่นชอบอาหารไทยแบบดั้งเดิมและการลองค็อกเทลแปลกใหม่\n7. Cafe' de Siam - สำหรับผู้ที่ชื่นชอบคาเฟ่ที่มีโอกาสนั่งในบรรยากาศที่เงียบสงบและเพลิดเพลินกับแซนวิชอร่อย\n8. ใต้ถุนบ้าน - สำหรับผู้ที่ชื่นชอบอาหารไทยแบบง่าย ๆ ที่มีความสุขในช่วงเวลาสั้น ๆ\n\nโปรดทราบว่าทุกสถานที่มีการให้บริการด้วยตนเอง หรือถ้าคุณต้องการอาหารส่งตรงถึงบ้าน คุณสามารถสั่งอาหารโดยใช้การบริการส่งอาหาร.\n\nหากคุณต้องการข้อมูลเพิ่มเติมหรือคำแนะนำในการตัดสินใจเลือกร้านอาหาร โปรดแจ้งให้ผมทราบครับ!"",""role"":""assistant""}}],""created"":1719718237,""model"":""typhoon-instruct"",""object"":""chat.completion"",""system_fingerprint"":null,""usage"":{""completion_tokens"":475,""prompt_tokens"":4626,""total_tokens"":5101}}"
2024-06-30T10:31:24.889246,U1a57a14a977bf82ccb6fa2cf1c504800,ฉันไม่ชอบอาหารนานาชาติ,"{""id"":""89bb153a4ff7a1b2-SIN"",""choices"":[{""finish_reason"":""stop"",""index"":0,""message"":{""content"":""ผมจะแนะนำร้านอาหารยอดนิยมในเชียงใหม่ที่ผสมผสานระหว่างอาหารไทยและอาหารนานาชาติที่ได้รับการประทับใจจากลูกค้า คุณสามารถเลือกตามความชอบของคุณ:\n\n1. เลเลฟอง - สำหรับผู้ที่ชื่นชอบอาหารอิตาเลียนรสชาติสูง โดยเฉพาะเมนูที่ทำจากหอยและสเต็กเนื้อ\n2. Cafe Rosemary - สำหรับผู้ที่ชื่นชอบคาเฟ่ มีเมนูเครื่องดื่มและเบเกอรี่ที่หลากหลาย\n3. On the Bread - สำหรับผู้ที่ชื่นชอบอาหารฝรั่งเศสด้วยเมนูเบเกอรี่และของหวานที่ยอดเยี่ยม\n\nโปรดทราบว่าทุกสถานที่มีการให้บริการด้วยตนเอง หรือถ้าคุณต้องการอาหารส่งตรงถึงบ้าน คุณสามารถสั่งอาหารโดยการใช้บริการส่งอาหาร.\n\nหากคุณต้องการข้อมูลเพิ่มเติมหรือคำแนะนำในการตัดสินใจเลือกร้านอาหาร โปรดแจ้งให้ผมทราบครับ!"",""role"":""assistant""}}],""created"":1719718285,""model"":""typhoon-instruct"",""object"":""chat.completion"",""system_fingerprint"":null,""usage"":{""completion_tokens"":258,""prompt_tokens"":5298,""total_tokens"":5556}}"
2024-06-30T10:32:56.729327,U1a57a14a977bf82ccb6fa2cf1c504800,อาหารยอดนิยม,"{""id"":""89bb177e9dd43e14-SIN"",""choices"":[{""finish_reason"":""stop"",""index"":0,""message"":{""content"":""เมนูยอดนิยมในเชียงใหม่มีหลากหลาย ตัวอย่างเช่น ไข่กะทะเลิศรสเชียงใหม่สาขา1, ชมคาเฟ่, ต๋องเต็มโต๊ะ ซอย 13, Dairy Queen MAYA,CHIANGMAI และเฮือนม่วนใจ๋. ทุกสถานที่นี้ได้รับความนิยมจากลูกค้าท้องถิ่นและนักท่องเที่ยว ดังนั้นคุณสามารถลองเลือกร้านที่ตรงกับรสชาติที่คุณชื่นชอบได้เลย!"",""role"":""assistant""}}],""created"":1719718377,""model"":""typhoon-instruct"",""object"":""chat.completion"",""system_fingerprint"":null,""usage"":{""completion_tokens"":129,""prompt_tokens"":5637,""total_tokens"":5766}}"
